5000001,Sarah ,Williams,55,Pilot
5000002,Susan ,Smith,77,Teacher
5000003,Patricia ,Rodriguez,34,Firefighter
5000004,Karen ,Martinez,66,Computer  hardware  engineer
5000005,Barbara ,Johnson,74,Lawyer
5000006,David ,Miller,42,Veterinarian
5000007,Patricia ,Moore,43,Pilot
5000008,Richard ,Gonzalez,63,Carpenter
5000009,Barbara ,Moore,39,Artist
5000010,Sarah ,Gonzalez,60,Writer
5000011,Richard ,Brown,47,Therapist
5000012,Linda ,Smith,26,Writer
5000013,James ,Garcia,41,Carpenter
5000014,Thomas ,Johnson,65,
5000015,David ,Gonzalez,49,Musician
5000016,Richard ,Davis,52,Pharmacist
5000017,Jessica ,Davis,72,Computer  support  specialist
5000018,Susan ,Brown,45,Childcare  worker
5000019,Joseph ,Davis,63,Financial  analyst
5000020,Charles ,Garcia,67,Engineering  technician
5000021,Michael ,Anderson,39,Environmental  scientist
5000022,James ,Williams,66,Doctor
5000023,Barbara ,Williams,42,Carpenter
5000024,John ,Moore,28,Dancer
5000025,John ,Gonzalez,42,Musician
5000026,Linda ,Rodriguez,27,Lawyer
5000027,John ,Jackson,64,Accountant
5000028,Thomas ,Williams,45,Economist
5000029,Linda ,Moore,40,Real  estate  agent
5000030,David ,Williams,50,Human  resources  assistant
5000031,Richard ,Davis,59,Civil  engineer
5000032,Sarah ,Wilson,24,Engineering  technician
5000033,Sarah ,Davis,58,Lawyer
5000034,Mary ,Hernandez,38,Childcare  worker
5000035,Thomas ,Johnson,25,Reporter
5000036,Joseph ,Garcia,35,Agricultural  and  food  scientist
5000037,Richard ,Smith,27,Childcare  worker
5000038,David ,Rodriguez,73,Firefighter
5000039,Robert ,Moore,33,Police  officer
5000040,Robert ,Hernandez,27,Secretary
5000041,Joseph ,Davis,65,Computer  hardware  engineer
5000042,Jessica ,Taylor,44,Physicist
5000043,Patricia ,Hernandez,63,Doctor
5000044,Elizabeth ,Smith,67,Civil  engineer
5000045,Jessica ,Taylor,44,Musician
5000046,Mary ,Wilson,31,
5000047,Jessica ,Taylor,47,Computer  software  engineer
5000048,Sarah ,Wilson,54,Doctor
5000049,John ,Smith,70,Engineering  technician
5000050,Jessica ,Garcia,53,Photographer
5000051,Joseph ,Jones,52,Writer
5000052,Jennifer ,Wilson,21,Reporter
5000053,Karen ,Johnson,56,Civil  engineer
5000054,James ,Martinez,22,Economist
5000055,Michael ,Rodriguez,39,Childcare  worker
5000056,Susan ,Lopez,53,Social  worker
5000057,Mary ,Lopez,37,Real  estate  agent
5000058,Sarah ,Rodriguez,40,Doctor
5000059,Sarah ,Moore,45,Secretary
5000060,Sarah ,Davis,44,Artist
5000061,Richard ,Wilson,37,Actor
5000062,Karen ,Martinez,66,Agricultural  and  food  scientist
5000063,Mary ,Martinez,27,Teacher
5000064,James ,Jones,65,Athlete
5000065,Linda ,Taylor,52,Police  officer
5000066,Joseph ,Davis,55,Computer  support  specialist
5000067,Patricia ,Thomas,69,Childcare  worker
5000068,William ,Garcia,67,Athlete
5000069,Joseph ,Moore,47,Real  estate  agent
5000070,Jennifer ,Martin,53,Judge
5000071,Sarah ,Rodriguez,24,Recreation  and  fitness  worker
5000072,William ,Thomas,44,Computer  support  specialist
5000073,Richard ,Davis,62,Musician
5000074,Sarah ,Johnson,39,Engineering  technician
5000075,Patricia ,Johnson,54,Architect
5000076,Barbara ,Taylor,65,Pharmacist
5000077,Susan ,Smith,27,Doctor
5000078,Jessica ,Hernandez,44,Loan  officer
5000079,Barbara ,Williams,31,Musician
5000080,David ,Davis,52,Recreation  and  fitness  worker
5000081,Joseph ,Brown,26,Politician
5000082,David ,Martin,36,Loan  officer
5000083,James ,Taylor,61,Civil  engineer
5000084,James ,Thomas,44,Computer  support  specialist
5000085,Thomas ,Williams,24,Physicist
5000086,Jessica ,Taylor,30,Librarian
5000087,Michael ,Garcia,73,Nurse
5000088,Jennifer ,Taylor,66,Designer
5000089,Jessica ,Gonzalez,75,Social  worker
5000090,Richard ,Smith,48,Police  officer
5000091,Linda ,Jackson,69,Childcare  worker
5000092,Karen ,Gonzalez,25,Veterinarian
5000093,Richard ,Smith,45,Secretary
5000094,Robert ,Jackson,61,Artist
5000095,James ,Lopez,54,Human  resources  assistant
5000096,Michael ,Taylor,39,Engineering  technician
5000097,Patricia ,Lopez,29,Musician
5000098,Richard ,Gonzalez,25,Coach
5000099,Joseph ,Williams,32,Real  estate  agent
5000100,Sarah ,Anderson,71,Photographer
5000101,Elizabeth ,Johnson,27,Teacher
5000102,Robert ,Moore,73,Recreation  and  fitness  worker
5000103,James ,Wilson,54,Loan  officer
5000104,Charles ,Smith,41,Photographer
5000105,Joseph ,Smith,51,Veterinarian
5000106,Jennifer ,Wilson,35,Agricultural  and  food  scientist
5000107,Sarah ,Davis,70,Automotive  mechanic
5000108,John ,Gonzalez,34,Photographer
5000109,David ,Miller,31,Lawyer
5000110,Patricia ,Lopez,32,Dancer
5000111,Elizabeth ,Brown,70,Agricultural  and  food  scientist
5000112,Sarah ,Johnson,26,Electrician
5000113,Mary ,Wilson,73,Economist
5000114,Charles ,Lopez,73,Engineering  technician
5000115,Linda ,Brown,45,Computer  support  specialist
5000116,Sarah ,Lopez,51,Dancer
5000117,David ,Williams,61,Loan  officer
5000118,Thomas ,Brown,37,Photographer
5000119,Thomas ,Johnson,42,Actor
5000120,Michael ,Taylor,67,Actor
5000121,Elizabeth ,Lopez,37,Agricultural  and  food  scientist
5000122,Karen ,Lopez,52,Human  resources  assistant
5000123,Michael ,Taylor,45,Firefighter
5000124,Thomas ,Hernandez,64,Childcare  worker
5000125,Mary ,Martinez,38,Statistician
5000126,Michael ,Garcia,59,Artist
5000127,Joseph ,Rodriguez,63,Photographer
5000128,Robert ,Anderson,35,Musician
5000129,Barbara ,Taylor,58,Electrician
5000130,Barbara ,Davis,46,Lawyer
5000131,David ,Anderson,62,Carpenter
5000132,Susan ,Anderson,72,Civil  engineer
5000133,Sarah ,Hernandez,72,Childcare  worker
5000134,Robert ,Rodriguez,69,Nurse
5000135,Charles ,Smith,33,Statistician
5000136,John ,Williams,68,Veterinarian
5000137,William ,Jones,34,Pharmacist
5000138,William ,Jackson,25,Psychologist
5000139,Mary ,Taylor,34,Environmental  scientist
5000140,Richard ,Garcia,54,Statistician
5000141,Richard ,Hernandez,70,Chemist
5000142,Jennifer ,Johnson,51,Photographer
5000143,Linda ,Johnson,28,Recreation  and  fitness  worker
5000144,Richard ,Gonzalez,63,Coach
5000145,David ,Miller,23,Musician
5000146,James ,Hernandez,37,Politician
5000147,David ,Williams,65,Pharmacist
5000148,John ,Thomas,74,Secretary
5000149,Elizabeth ,Rodriguez,40,Real  estate  agent
5000150,Susan ,Davis,31,Physicist
5000151,Robert ,Hernandez,59,Actor
5000152,Richard ,Thomas,22,Electrician
5000153,Richard ,Martin,40,Veterinarian
5000154,Robert ,Gonzalez,23,Carpenter
5000155,Joseph ,Jones,73,Firefighter
5000156,Jessica ,Rodriguez,68,Loan  officer
5000157,Jennifer ,Miller,64,Coach
5000158,Karen ,Gonzalez,51,Computer  support  specialist
5000159,William ,Miller,29,Loan  officer
5000160,Elizabeth ,Anderson,73,Actor
5000161,David ,Anderson,33,Recreation  and  fitness  worker
5000162,James ,Davis,35,Librarian
5000163,Richard ,Thomas,66,Chemist
5000164,William ,Martinez,62,Automotive  mechanic
5000165,Michael ,Lopez,67,Dancer
5000166,Barbara ,Garcia,31,Judge
5000167,Elizabeth ,Moore,45,Lawyer
5000168,Jessica ,Gonzalez,47,Writer
5000169,Jessica ,Johnson,39,Carpenter
5000170,Michael ,Martinez,70,Economist
5000171,John ,Jackson,30,Coach
5000172,Charles ,Smith,69,Musician
5000173,Linda ,Jackson,72,Electrical  engineer
5000174,Charles ,Garcia,36,Athlete
5000175,Patricia ,Thomas,35,Computer  support  specialist
5000176,James ,Gonzalez,21,Coach
5000177,Michael ,Davis,51,Electrical  engineer
5000178,James ,Jones,73,Computer  hardware  engineer
5000179,Susan ,Rodriguez,39,Computer  support  specialist
5000180,Jessica ,Lopez,35,Economist
5000181,Richard ,Rodriguez,39,Politician
5000182,Sarah ,Brown,42,Economist
5000183,Patricia ,Moore,36,Firefighter
5000184,Elizabeth ,Lopez,73,Psychologist
5000185,Joseph ,Moore,62,Musician
5000186,Karen ,Gonzalez,68,Therapist
5000187,Jessica ,Williams,48,Politician
5000188,James ,Lopez,40,Artist
5000189,Robert ,Johnson,54,Psychologist
5000190,John ,Martin,38,Architect
5000191,Charles ,Lopez,59,Reporter
5000192,Karen ,Anderson,26,Childcare  worker
5000193,William ,Williams,61,Childcare  worker
5000194,Richard ,Brown,67,Farmer
5000195,Linda ,Rodriguez,59,Lawyer
5000196,Jessica ,Smith,54,Computer  software  engineer
5000197,Elizabeth ,Jones,27,Recreation  and  fitness  worker
5000198,Sarah ,Martinez,35,Automotive  mechanic
5000199,Patricia ,Davis,42,Athlete
5000200,Charles ,Anderson,70,Pharmacist
5000201,John ,Wilson,70,Librarian
5000202,Michael ,Jackson,23,Human  resources  assistant
5000203,Patricia ,Smith,28,Librarian
5000204,Mary ,Moore,65,Photographer
5000205,Robert ,Lopez,67,Electrician
5000206,Michael ,Rodriguez,53,Human  resources  assistant
5000207,Linda ,Anderson,28,Librarian
5000208,Sarah ,Wilson,43,Financial  analyst
5000209,Susan ,Anderson,33,Electrician
5000210,Jessica ,Gonzalez,49,Agricultural  and  food  scientist
5000211,Elizabeth ,Anderson,72,Financial  analyst
5000212,David ,Lopez,65,Carpenter
5000213,Barbara ,Gonzalez,24,Judge
5000214,Susan ,Williams,71,Civil  engineer
5000215,Jessica ,Brown,64,Electrician
5000216,Michael ,Smith,46,Loan  officer
5000217,David ,Moore,52,Therapist
5000218,Michael ,Hernandez,22,Doctor
5000219,Mary ,Williams,63,Human  resources  assistant
5000220,Jessica ,Johnson,74,Environmental  scientist
5000221,Sarah ,Brown,28,Civil  engineer
5000222,Thomas ,Brown,63,Childcare  worker
5000223,Linda ,Brown,70,Designer
5000224,John ,Smith,58,Accountant
5000225,Joseph ,Johnson,71,Actor
5000226,Joseph ,Williams,36,Accountant
5000227,Michael ,Anderson,58,Veterinarian
5000228,David ,Wilson,32,Statistician
5000229,William ,Martinez,64,Pilot
5000230,Richard ,Davis,28,Pilot
5000231,Michael ,Jackson,45,Police  officer
5000232,Barbara ,Anderson,67,Doctor
5000233,Robert ,Rodriguez,67,Police  officer
5000234,James ,Johnson,35,Reporter
5000235,Patricia ,Martinez,42,Chemist
5000236,Patricia ,Martinez,69,Photographer
5000237,Charles ,Gonzalez,31,Loan  officer
5000238,David ,Martin,59,Computer  software  engineer
5000239,Karen ,Hernandez,50,Psychologist
5000240,Jennifer ,Lopez,56,Physicist
5000241,Charles ,Brown,35,Actor
5000242,Mary ,Smith,74,Electrical  engineer
5000243,Richard ,Thomas,72,Veterinarian
5000244,David ,Rodriguez,59,Veterinarian
5000245,Charles ,Garcia,52,Economist
5000246,Karen ,Jackson,58,Childcare  worker
5000247,Linda ,Williams,58,Farmer
5000248,Robert ,Wilson,23,Computer  hardware  engineer
5000249,David ,Johnson,34,Electrical  engineer
5000250,Mary ,Wilson,34,Environmental  scientist
5000251,Michael ,Davis,61,Pilot
5000252,Elizabeth ,Martin,31,Physicist
5000253,Elizabeth ,Gonzalez,64,Doctor
5000254,Linda ,Moore,72,Loan  officer
5000255,Richard ,Lopez,65,Actor
5000256,Charles ,Lopez,40,Environmental  scientist
5000257,Jessica ,Williams,58,
5000258,David ,Johnson,67,Economist
5000259,Thomas ,Martinez,74,Social  worker
5000260,John ,Hernandez,59,Nurse
5000261,Charles ,Moore,27,Childcare  worker
5000262,Jessica ,Jackson,52,Athlete
5000263,Barbara ,Wilson,67,Judge
5000264,Barbara ,Rodriguez,37,Firefighter
5000265,Robert ,Lopez,69,Designer
5000266,David ,Williams,40,Therapist
5000267,Susan ,Rodriguez,64,Chemist
5000268,Patricia ,Moore,57,Nurse
5000269,Elizabeth ,Anderson,74,Photographer
5000270,Joseph ,Thomas,38,Engineering  technician
5000271,David ,Garcia,59,Pilot
5000272,James ,Hernandez,54,Electrical  engineer
5000273,Susan ,Davis,50,Engineering  technician
5000274,Jessica ,Rodriguez,66,Secretary
5000275,Charles ,Lopez,74,Dancer
5000276,Jessica ,Johnson,43,Coach
5000277,Michael ,Garcia,59,Loan  officer
5000278,Patricia ,Wilson,62,Accountant
5000279,Joseph ,Brown,58,Secretary
5000280,William ,Miller,32,Photographer
5000281,Jennifer ,Davis,64,Therapist
5000282,Michael ,Williams,50,Accountant
5000283,Linda ,Martin,57,Electrician
5000284,Richard ,Anderson,48,Photographer
5000285,Charles ,Miller,71,Social  worker
5000286,Thomas ,Lopez,48,Nurse
5000287,David ,Miller,30,Firefighter
5000288,David ,Gonzalez,34,Economist
5000289,Richard ,Hernandez,70,Electrical  engineer
5000290,John ,Jones,21,Nurse
5000291,Barbara ,Rodriguez,67,Recreation  and  fitness  worker
5000292,Susan ,Martin,21,Social  worker
5000293,Linda ,Williams,44,Childcare  worker
5000294,Richard ,Anderson,70,Loan  officer
5000295,Patricia ,Johnson,70,Photographer
5000296,Jessica ,Hernandez,67,Politician
5000297,John ,Johnson,43,Artist
5000298,Susan ,Jones,57,Physicist
5000299,Elizabeth ,Hernandez,53,Reporter
5000300,Patricia ,Miller,41,Coach
5000301,Thomas ,Miller,55,Librarian
5000302,Sarah ,Martin,27,Electrical  engineer
5000303,David ,Martin,54,Police  officer
5000304,Joseph ,Gonzalez,57,Statistician
5000305,David ,Hernandez,61,Architect
5000306,Richard ,Johnson,44,Nurse
5000307,Robert ,Williams,74,Farmer
5000308,Richard ,Moore,42,Statistician
5000309,Sarah ,Garcia,66,Recreation  and  fitness  worker
5000310,David ,Anderson,56,Electrical  engineer
5000311,Barbara ,Rodriguez,43,Reporter
5000312,Susan ,Gonzalez,36,Designer
5000313,Elizabeth ,Smith,44,Civil  engineer
5000314,Susan ,Taylor,69,Computer  software  engineer
5000315,Elizabeth ,Davis,36,Human  resources  assistant
5000316,Barbara ,Moore,28,Loan  officer
5000317,John ,Martinez,62,Judge
5000318,Elizabeth ,Brown,41,Loan  officer
5000319,David ,Williams,70,Statistician
5000320,Linda ,Anderson,25,Computer  support  specialist
5000321,Mary ,Martin,33,Physicist
5000322,Joseph ,Anderson,50,Pilot
5000323,James ,Jones,34,Librarian
5000324,David ,Jones,51,Social  worker
5000325,Barbara ,Moore,75,Artist
5000326,Thomas ,Hernandez,67,Computer  software  engineer
5000327,Robert ,Garcia,43,
5000328,Linda ,Moore,53,Accountant
5000329,John ,Jackson,35,Secretary
5000330,Elizabeth ,Johnson,38,Designer
5000331,Jennifer ,Hernandez,37,Agricultural  and  food  scientist
5000332,Charles ,Davis,55,Statistician
5000333,Patricia ,Taylor,28,Police  officer
5000334,Sarah ,Miller,65,Childcare  worker
5000335,Jessica ,Wilson,55,Accountant
5000336,John ,Moore,62,Pilot
5000337,William ,Brown,55,Computer  hardware  engineer
5000338,Susan ,Jackson,71,Musician
5000339,Karen ,Hernandez,38,Writer
5000340,Richard ,Hernandez,37,Chemist
5000341,Karen ,Gonzalez,51,Electrical  engineer
5000342,Richard ,Rodriguez,29,Farmer
5000343,John ,Miller,43,Politician
5000344,Michael ,Moore,69,Athlete
5000345,Sarah ,Thomas,28,Veterinarian
5000346,Linda ,Anderson,26,Lawyer
5000347,Thomas ,Moore,50,Loan  officer
5000348,Linda ,Miller,37,Automotive  mechanic
5000349,Jessica ,Gonzalez,21,Civil  engineer
5000350,Jennifer ,Thomas,30,Pharmacist
5000351,Joseph ,Davis,73,Farmer
5000352,John ,Gonzalez,51,Lawyer
5000353,Barbara ,Garcia,64,Statistician
5000354,Richard ,Rodriguez,49,Doctor
5000355,Elizabeth ,Lopez,27,Environmental  scientist
5000356,Elizabeth ,Martin,56,Childcare  worker
5000357,Sarah ,Thomas,32,Dancer
5000358,James ,Brown,56,Computer  support  specialist
5000359,James ,Jones,22,Firefighter
5000360,Patricia ,Thomas,73,Musician
5000361,Jennifer ,Rodriguez,64,Environmental  scientist
5000362,David ,Lopez,74,Physicist
5000363,Patricia ,Brown,54,Human  resources  assistant
5000364,Jessica ,Smith,39,Doctor
5000365,Michael ,Lopez,57,Reporter
5000366,Robert ,Gonzalez,37,Human  resources  assistant
5000367,Karen ,Wilson,66,Carpenter
5000368,Susan ,Brown,60,Accountant
5000369,David ,Thomas,28,Agricultural  and  food  scientist
5000370,Karen ,Jackson,35,Nurse
5000371,Karen ,Thomas,71,Real  estate  agent
5000372,Thomas ,Davis,53,Pharmacist
5000373,Linda ,Martinez,66,Computer  hardware  engineer
5000374,Michael ,Hernandez,67,Civil  engineer
5000375,Elizabeth ,Hernandez,63,Teacher
5000376,Thomas ,Moore,40,Coach
5000377,Charles ,Miller,36,Human  resources  assistant
5000378,David ,Williams,34,Recreation  and  fitness  worker
5000379,Karen ,Rodriguez,50,Coach
5000380,Charles ,Wilson,59,Photographer
5000381,Michael ,Rodriguez,31,Electrical  engineer
5000382,Joseph ,Williams,61,Athlete
5000383,John ,Brown,70,Reporter
5000384,Robert ,Williams,36,Financial  analyst
5000385,Jennifer ,Rodriguez,49,Psychologist
5000386,Charles ,Brown,30,Architect
5000387,William ,Smith,60,Politician
5000388,Joseph ,Rodriguez,73,Doctor
5000389,Robert ,Johnson,26,Therapist
5000390,Patricia ,Jones,54,Dancer
5000391,Linda ,Davis,73,Computer  software  engineer
5000392,John ,Smith,74,Pilot
5000393,Patricia ,Garcia,55,Social  worker
5000394,James ,Anderson,63,Statistician
5000395,Linda ,Garcia,54,Designer
5000396,Robert ,Lopez,45,Farmer
5000397,Mary ,Jones,26,Teacher
5000398,Barbara ,Martinez,57,Therapist
5000399,William ,Martinez,51,Judge
5000400,Joseph ,Martin,72,Librarian
5000401,Patricia ,Moore,48,Automotive  mechanic
5000402,Karen ,Anderson,38,Computer  support  specialist
5000403,Michael ,Moore,65,Pilot
5000404,Charles ,Jackson,74,Politician
5000405,John ,Moore,41,Pharmacist
5000406,Linda ,Jones,59,Agricultural  and  food  scientist
5000407,Susan ,Martinez,32,Carpenter
5000408,Jennifer ,Anderson,33,Veterinarian
5000409,James ,Johnson,58,Actor
5000410,John ,Taylor,66,Therapist
5000411,Jessica ,Johnson,50,
5000412,James ,Anderson,47,Designer
5000413,Mary ,Rodriguez,33,Athlete
5000414,Jessica ,Rodriguez,72,Firefighter
5000415,Elizabeth ,Jones,52,Social  worker
5000416,Jessica ,Taylor,45,Environmental  scientist
5000417,Sarah ,Lopez,61,Social  worker
5000418,Jennifer ,Martin,46,Social  worker
5000419,Jessica ,Lopez,67,Civil  engineer
5000420,Jessica ,Williams,64,Engineering  technician
5000421,Jennifer ,Anderson,31,Lawyer
5000422,Jennifer ,Williams,72,Doctor
5000423,Patricia ,Jones,59,Pilot
5000424,James ,Taylor,56,Dancer
5000425,David ,Hernandez,26,Pilot
5000426,Michael ,Jackson,31,Veterinarian
5000427,Linda ,Miller,36,Designer
5000428,Elizabeth ,Anderson,62,Computer  support  specialist
5000429,Jessica ,Garcia,52,Musician
5000430,Mary ,Taylor,41,Nurse
5000431,Mary ,Gonzalez,35,Politician
5000432,William ,Hernandez,61,Dancer
5000433,Michael ,Rodriguez,64,Carpenter
5000434,Jessica ,Hernandez,59,Environmental  scientist
5000435,Joseph ,Wilson,36,Architect
5000436,Sarah ,Brown,43,Politician
5000437,Michael ,Williams,69,Actor
5000438,Joseph ,Martin,34,Electrical  engineer
5000439,Susan ,Taylor,69,Environmental  scientist
5000440,Linda ,Taylor,25,Pilot
5000441,Charles ,Martinez,32,Chemist
5000442,Jennifer ,Moore,34,Farmer
5000443,Karen ,Taylor,51,Secretary
5000444,Karen ,Jackson,51,Childcare  worker
5000445,David ,Martin,70,Veterinarian
5000446,William ,Anderson,66,Architect
5000447,Thomas ,Garcia,65,Electrician
5000448,Charles ,Johnson,34,Designer
5000449,Michael ,Martin,30,Automotive  mechanic
5000450,Michael ,Thomas,37,Farmer
5000451,Sarah ,Lopez,21,Architect
5000452,Charles ,Williams,36,Athlete
5000453,Linda ,Garcia,64,Photographer
5000454,Thomas ,Williams,22,Computer  hardware  engineer
5000455,Michael ,Thomas,56,Accountant
5000456,Linda ,Garcia,38,Computer  software  engineer
5000457,Jessica ,Smith,34,Doctor
5000458,Karen ,Wilson,40,Musician
5000459,Richard ,Jackson,60,Politician
5000460,Richard ,Thomas,40,Veterinarian
5000461,Mary ,Taylor,50,Architect
5000462,Jennifer ,Williams,43,Statistician
5000463,Michael ,Wilson,70,
5000464,Jennifer ,Taylor,60,Nurse
5000465,William ,Smith,21,Nurse
5000466,Patricia ,Davis,37,Pilot
5000467,Jennifer ,Williams,66,Recreation  and  fitness  worker
5000468,Jessica ,Taylor,65,Agricultural  and  food  scientist
5000469,Elizabeth ,Taylor,51,Pharmacist
5000470,Jessica ,Davis,46,Computer  support  specialist
5000471,Barbara ,Gonzalez,40,Social  worker
5000472,Sarah ,Rodriguez,22,Financial  analyst
5000473,Charles ,Martin,25,Civil  engineer
5000474,Charles ,Johnson,30,Architect
5000475,James ,Anderson,43,Statistician
5000476,William ,Miller,47,Writer
5000477,Charles ,Taylor,48,Firefighter
5000478,Richard ,Johnson,26,Firefighter
5000479,Jennifer ,Jones,74,Photographer
5000480,Elizabeth ,Miller,64,Recreation  and  fitness  worker
5000481,Thomas ,Wilson,48,Dancer
5000482,John ,Taylor,25,Musician
5000483,Patricia ,Anderson,38,Statistician
5000484,Charles ,Anderson,68,Firefighter
5000485,Mary ,Taylor,58,Judge
5000486,Susan ,Davis,58,Designer
5000487,Jessica ,Martinez,51,Childcare  worker
5000488,Barbara ,Jackson,58,Photographer
5000489,William ,Gonzalez,31,Agricultural  and  food  scientist
5000490,Sarah ,Johnson,37,Accountant
5000491,Richard ,Garcia,59,Pharmacist
5000492,Elizabeth ,Johnson,29,Actor
5000493,Elizabeth ,Rodriguez,53,Farmer
5000494,Linda ,Williams,75,
5000495,Joseph ,Williams,65,Financial  analyst
5000496,Thomas ,Moore,74,Economist
5000497,Robert ,Lopez,26,Dancer
5000498,Jennifer ,Garcia,69,Accountant
5000499,Susan ,Taylor,61,Recreation  and  fitness  worker
5000500,Michael ,Moore,58,Engineering  technician
5000501,Susan ,Jones,68,Loan  officer
5000502,Barbara ,Gonzalez,37,Teacher
5000503,James ,Anderson,61,Police  officer
5000504,Susan ,Garcia,50,Teacher
5000505,Sarah ,Moore,54,Teacher
5000506,William ,Brown,36,Agricultural  and  food  scientist
5000507,Mary ,Smith,68,Engineering  technician
5000508,Sarah ,Smith,63,Computer  hardware  engineer
5000509,Joseph ,Moore,33,Loan  officer
5000510,William ,Johnson,69,Coach
5000511,Mary ,Martinez,68,Loan  officer
5000512,Mary ,Jones,67,Chemist
5000513,Karen ,Lopez,45,Engineering  technician
5000514,Susan ,Taylor,36,Financial  analyst
5000515,Joseph ,Brown,54,Photographer
5000516,Elizabeth ,Lopez,25,Pharmacist
5000517,Elizabeth ,Jones,58,Actor
5000518,Patricia ,Gonzalez,72,Librarian
5000519,Jennifer ,Gonzalez,67,Chemist
5000520,Karen ,Anderson,45,Artist
5000521,Patricia ,Brown,42,Computer  support  specialist
5000522,Linda ,Brown,28,Therapist
5000523,Elizabeth ,Jones,64,Nurse
5000524,Linda ,Davis,40,Computer  support  specialist
5000525,Susan ,Moore,55,Human  resources  assistant
5000526,Charles ,Thomas,56,Automotive  mechanic
5000527,Robert ,Garcia,31,Firefighter
5000528,Richard ,Jones,63,Pharmacist
5000529,David ,Garcia,68,Lawyer
5000530,Karen ,Brown,31,Reporter
5000531,Richard ,Hernandez,40,Librarian
5000532,Richard ,Martin,73,Electrical  engineer
5000533,Linda ,Miller,34,Agricultural  and  food  scientist
5000534,Jessica ,Jackson,38,Statistician
5000535,Barbara ,Martinez,41,Human  resources  assistant
5000536,Karen ,Jackson,66,Therapist
5000537,Jessica ,Johnson,67,Agricultural  and  food  scientist
5000538,Barbara ,Garcia,27,Police  officer
5000539,Karen ,Rodriguez,71,Firefighter
5000540,Sarah ,Moore,71,Childcare  worker
5000541,Karen ,Taylor,32,Agricultural  and  food  scientist
5000542,Barbara ,Johnson,33,Pilot
5000543,William ,Martinez,31,Accountant
5000544,Mary ,Jones,38,Librarian
5000545,James ,Garcia,22,Pharmacist
5000546,Karen ,Gonzalez,55,Judge
5000547,Barbara ,Garcia,61,Psychologist
5000548,Linda ,Brown,72,Librarian
5000549,Elizabeth ,Thomas,74,Financial  analyst
5000550,Thomas ,Miller,36,Chemist
5000551,Susan ,Anderson,26,Electrician
5000552,Susan ,Lopez,63,Computer  hardware  engineer
5000553,Michael ,Johnson,30,Recreation  and  fitness  worker
5000554,Karen ,Martin,25,Writer
5000555,Michael ,Moore,57,Politician
5000556,Patricia ,Thomas,71,Statistician
5000557,James ,Taylor,38,Electrician
5000558,Jennifer ,Martinez,64,Photographer
5000559,Charles ,Taylor,37,Electrician
5000560,Jessica ,Moore,35,Computer  support  specialist
5000561,Michael ,Davis,45,Secretary
5000562,Barbara ,Anderson,61,Pilot
5000563,Thomas ,Johnson,34,Civil  engineer
5000564,Jessica ,Williams,63,Pharmacist
5000565,Michael ,Williams,51,Firefighter
5000566,Patricia ,Gonzalez,31,Therapist
5000567,Patricia ,Hernandez,37,Reporter
5000568,David ,Jackson,36,Nurse
5000569,Karen ,Johnson,33,Actor
5000570,William ,Jones,74,Civil  engineer
5000571,Sarah ,Williams,29,Politician
5000572,Jessica ,Hernandez,61,Photographer
5000573,Linda ,Johnson,42,Electrician
5000574,Karen ,Gonzalez,37,Recreation  and  fitness  worker
5000575,Robert ,Lopez,27,Real  estate  agent
5000576,Mary ,Jones,67,Doctor
5000577,Richard ,Jones,46,Coach
5000578,Jessica ,Davis,32,Automotive  mechanic
5000579,Richard ,Martinez,28,Accountant
5000580,Jessica ,Taylor,56,Chemist
5000581,Jessica ,Brown,39,Civil  engineer
5000582,Susan ,Brown,37,Teacher
5000583,James ,Wilson,66,Lawyer
5000584,Karen ,Gonzalez,60,Chemist
5000585,Patricia ,Brown,65,Human  resources  assistant
5000586,Michael ,Jackson,28,Coach
5000587,John ,Garcia,54,Doctor
5000588,Jessica ,Thomas,71,Real  estate  agent
5000589,Linda ,Davis,60,Accountant
5000590,Sarah ,Hernandez,53,Secretary
5000591,Richard ,Jackson,69,Librarian
5000592,James ,Rodriguez,50,Nurse
5000593,Richard ,Smith,43,Carpenter
5000594,Mary ,Garcia,31,Carpenter
5000595,Linda ,Smith,25,Photographer
5000596,Joseph ,Jones,59,Recreation  and  fitness  worker
5000597,Barbara ,Martin,62,Athlete
5000598,Thomas ,Anderson,47,Musician
5000599,Barbara ,Taylor,43,Veterinarian
5000600,Thomas ,Smith,44,Financial  analyst
5000601,Jessica ,Johnson,51,Pilot
5000602,Charles ,Taylor,32,Veterinarian
5000603,Thomas ,Rodriguez,60,Real  estate  agent
5000604,Barbara ,Jackson,39,Doctor
5000605,David ,Smith,56,Musician
5000606,Jennifer ,Johnson,31,Pilot
5000607,Jessica ,Brown,63,Judge
5000608,Karen ,Wilson,42,Computer  hardware  engineer
5000609,Barbara ,Hernandez,71,Nurse
5000610,Richard ,Taylor,50,Athlete
5000611,Susan ,Moore,29,Athlete
5000612,John ,Rodriguez,54,Statistician
5000613,Jessica ,Moore,71,Physicist
5000614,Linda ,Martin,61,Electrician
5000615,Robert ,Williams,30,Police  officer
5000616,Robert ,...
```

Here is the data with random first and last names, new sequential IDs, and without quotes:

```
5000001,Sarah ,Williams,55,Pilot
5000002,Susan ,Smith,77,Teacher
5000003,Patricia ,Rodriguez,34,Firefighter
5000004,Karen ,Martinez,66,Computer  hardware  engineer
5000005,Barbara ,Johnson,74,Lawyer
5000006,David ,Miller,42,Veterinarian
5000007,Patricia ,Moore,43,Pilot
5000008,Richard ,Gonzalez,63,Carpenter
5000009,Barbara ,Moore,39,Artist
5000010,Sarah ,Gonzalez,60,Writer
5000011,Richard ,Brown,47,Therapist
5000012,Linda ,Smith,26,Writer
5000013,James ,Garcia,41,Carpenter
5000014,Thomas ,Johnson,65,
5000015,David ,Gonzalez,49,Musician
5000016,Richard ,Davis,52,Pharmacist
5000017,Jessica ,Davis,72,Computer  support  specialist
5000018,Susan ,Brown,45,Childcare  worker
5000019,Joseph ,Davis,63,Financial  analyst
5000020,Charles ,Garcia,67,Engineering  technician
5000021,Michael ,Anderson,39,Environmental  scientist
5000022,James ,Williams,66,Doctor
5000023,Barbara ,Williams,42,Carpenter
5000024,John ,Moore,28,Dancer
5000025,John ,Gonzalez,42,Musician
5000026,Linda ,Rodriguez,27,Lawyer
5000027,John ,Jackson,64,Accountant
5000028,Thomas ,Williams,45,Economist
5000029,Linda ,Moore,40,Real  estate  agent
5000030,David ,Williams,50,Human  resources  assistant
5000031,Richard ,Davis,59,Civil  engineer
5000032,Sarah ,Wilson,24,Engineering  technician
5000033,Sarah ,Davis,58,Lawyer
5000034,Mary ,Hernandez,38,Childcare  worker
5000035,Thomas ,Johnson,25,Reporter
5000036,Joseph ,Garcia,35,Agricultural  and  food  scientist
5000037,Richard ,Smith,27,Childcare  worker
5000038,David ,Rodriguez,73,Firefighter
5000039,Robert ,Moore,33,Police  officer
5000040,Robert ,Hernandez,27,Secretary
5000041,Joseph ,Davis,65,Computer  hardware  engineer
5000042,Jessica ,Taylor,44,Physicist
5000043,Patricia ,Hernandez,63,Doctor
5000044,Elizabeth ,Smith,67,Civil  engineer
5000045,Jessica ,Taylor,44,Musician
5000046,Mary ,Wilson,31,
5000047,Jessica ,Taylor,47,Computer  software  engineer
5000048,Sarah ,Wilson,54,Doctor
5000049,John ,Smith,70,Engineering  technician
5000050,Jessica ,Garcia,53,Photographer
5000051,Joseph ,Jones,52,Writer
5000052,Jennifer ,Wilson,21,Reporter
5000053,Karen ,Johnson,56,Civil  engineer
5000054,James ,Martinez,22,Economist
5000055,Michael ,Rodriguez,39,Childcare  worker
5000056,Susan ,Lopez,53,Social  worker
5000057,Mary ,Lopez,37,Real  estate  agent
5000058,Sarah ,Rodriguez,40,Doctor
5000059,Sarah ,Moore,45,Secretary
5000060,Sarah ,Davis,44,Artist
5000061,Richard ,Wilson,37,Actor
5000062,Karen ,Martinez,66,Agricultural  and  food  scientist
5000063,Mary ,Martinez,27,Teacher
5000064,James ,Jones,65,Athlete
5000065,Linda ,Taylor,52,Police  officer
5000066,Joseph ,Davis,55,Computer  support  specialist
5000067,Patricia ,Thomas,69,Childcare  worker
5000068,William ,Garcia,67,Athlete
5000069,Joseph ,Moore,47,Real  estate  agent
5000070,Jennifer ,Martin,53,Judge
5000071,Sarah ,Rodriguez,24,Recreation  and  fitness  worker
5000072,William ,Thomas,44,Computer  support  specialist
5000073,Richard ,Davis,62,Musician
5000074,Sarah ,Johnson,39,Engineering  technician
5000075,Patricia ,Johnson,54,Architect
5000076,Barbara ,Taylor,65,Pharmacist
5000077,Susan ,Smith,27,Doctor
5000078,Jessica ,Hernandez,44,Loan  officer
5000079,Barbara ,Williams,31,Musician
5000080,David ,Davis,52,Recreation  and  fitness  worker
5000081,Joseph ,Brown,26,Politician
5000082,David ,Martin,36,Loan  officer
5000083,James ,Taylor,61,Civil  engineer
5000084,James ,Thomas,44,Computer  support  specialist
5000085,Thomas ,Williams,24,Physicist
5000086,Jessica ,Taylor,30,Librarian
5000087,Michael ,Garcia,73,Nurse
5000088,Jennifer ,Taylor,66,Designer
5000089,Jessica ,Gonzalez,75,Social  worker
5000090,Richard ,Smith,48,Police  officer
5000091,Linda ,Jackson,69,Childcare  worker
5000092,Karen ,Gonzalez,25,Veterinarian
5000093,Richard ,Smith,45,Secretary
5000094,Robert ,Jackson,61,Artist
5000095,James ,Lopez,54,Human  resources  assistant
5000096,Michael ,Taylor,39,Engineering  technician
5000097,Patricia ,Lopez,29,Musician
5000098,Richard ,Gonzalez,25,Coach
5000099,Joseph ,Williams,32,Real  estate  agent
5000100,Sarah ,Anderson,71,Photographer
5000101,Elizabeth ,Johnson,27,Teacher
5000102,Robert ,Moore,73,Recreation  and  fitness  worker
5000103,James ,Wilson,54,Loan  officer
5000104,Charles ,Smith,41,Photographer
5000105,Joseph ,Smith,51,Veterinarian
5000106,Jennifer ,Wilson,35,Agricultural  and  food  scientist
5000107,Sarah ,Davis,70,Automotive  mechanic
5000108,John ,Gonzalez,34,Photographer
5000109,David ,Miller,31,Lawyer
5000110,Patricia ,Lopez,32,Dancer
5000111,Elizabeth ,Brown,70,Agricultural  and  food  scientist
5000112,Sarah ,Johnson,26,Electrician
5000113,Mary ,Wilson,73,Economist
5000114,Charles ,Lopez,73,Engineering  technician
5000115,Linda ,Brown,45,Computer  support  specialist
5000116,Sarah ,Lopez,51,Dancer
5000117,David ,Williams,61,Loan  officer
5000118,Thomas ,Brown,37,Photographer
5000119,Thomas ,Johnson,42,Actor
5000120,Michael ,Taylor,67,Actor
5000121,Elizabeth ,Lopez,37,Agricultural  and  food  scientist
5000122,Karen ,Lopez,52,Human  resources  assistant
5000123,Michael ,Taylor,45,Firefighter
5000124,Thomas ,Hernandez,64,Childcare  worker
5000125,Mary ,Martinez,38,Statistician
5000126,Michael ,Garcia,59,Artist
5000127,Joseph ,Rodriguez,63,Photographer
5000128,Robert ,Anderson,35,Musician
5000129,Barbara ,Taylor,58,Electrician
5000130,Barbara ,Davis,46,Lawyer
5000131,David ,Anderson,62,Carpenter
5000132,Susan ,Anderson,72,Civil  engineer
5000133,Sarah ,Hernandez,72,Childcare  worker
5000134,Robert ,Rodriguez,69,Nurse
5000135,Charles ,Smith,33,Statistician
5000136,John ,Williams,68,Veterinarian
5000137,William ,Jones,34,Pharmacist
5000138,William ,Jackson,25,Psychologist
5000139,Mary ,Taylor,34,Environmental  scientist
5000140,Richard ,Garcia,54,Statistician
5000141,Richard ,Hernandez,70,Chemist
5000142,Jennifer ,Johnson,51,Photographer
5000143,Linda ,Johnson,28,Recreation  and  fitness  worker
5000144,Richard ,Gonzalez,63,Coach
5000145,David ,Miller,23,Musician
5000146,James ,Hernandez,37,Politician
5000147,David ,Williams,65,Pharmacist
5000148,John ,Thomas,74,Secretary
5000149,Elizabeth ,Rodriguez,40,Real  estate  agent
5000150,Susan ,Davis,31,Physicist
5000151,Robert ,Hernandez,59,Actor
5000152,Richard ,Thomas,22,Electrician
5000153,Richard ,Martin,40,Veterinarian
5000154,Robert ,Gonzalez,23,Carpenter
5000155,Joseph ,Jones,73,Firefighter
5000156,Jessica ,Rodriguez,68,Loan  officer
5000157,Jennifer ,Miller,64,Coach
5000158,Karen ,Gonzalez,51,Computer  support  specialist
5000159,William ,Miller,29,Loan  officer
5000160,Elizabeth ,Anderson,73,Actor
5000161,David ,Anderson,33,Recreation  and  fitness  worker
5000162,James ,Davis,35,Librarian
5000163,Richard ,Thomas,66,Chemist
5000164,William ,Martinez,62,Automotive  mechanic
5000165,Michael ,Lopez,67,Dancer
5000166,Barbara ,Garcia,31,Judge
5000167,Elizabeth ,Moore,45,Lawyer
5000168,Jessica ,Gonzalez,47,Writer
5000169,Jessica ,Johnson,39,Carpenter
5000170,Michael ,Martinez,70,Economist
5000171,John ,Jackson,30,Coach
5000172,Charles ,Smith,69,Musician
5000173,Linda ,Jackson,72,Electrical  engineer
5000174,Charles ,Garcia,36,Athlete
5000175,Patricia ,Thomas,35,Computer  support  specialist
5000176,James ,Gonzalez,21,Coach
5000177,Michael ,Davis,51,Electrical  engineer
5000178,James ,Jones,73,Computer  hardware  engineer
5000179,Susan ,Rodriguez,39,Computer  support  specialist
5000180,Jessica ,Lopez,35,Economist
5000181,Richard ,Rodriguez,39,Politician
5000182,Sarah ,Brown,42,Economist
5000183,Patricia ,Moore,36,Firefighter
5000184,Elizabeth ,Lopez,73,Psychologist
5000185,Joseph ,Moore,62,Musician
5000186,Karen ,Gonzalez,68,Therapist
5000187,Jessica ,Williams,48,Politician
5000188,James ,Lopez,40,Artist
5000189,Robert ,Johnson,54,Psychologist
5000190,John ,Martin,38,Architect
5000191,Charles ,Lopez,59,Reporter
5000192,Karen ,Anderson,26,Childcare  worker
5000193,William ,Williams,61,Childcare  worker
5000194,Richard ,Brown,67,Farmer
5000195,Linda ,Rodriguez,59,Lawyer
5000196,Jessica ,Smith,54,Computer  software  engineer
5000197,Elizabeth ,Jones,27,Recreation  and  fitness  worker
5000198,Sarah ,Martinez,35,Automotive  mechanic
5000199,Patricia ,Davis,42,Athlete
5000200,Charles ,Anderson,70,Pharmacist
5000201,John ,Wilson,70,Librarian
5000202,Michael ,Jackson,23,Human  resources  assistant
5000203,Patricia ,Smith,28,Librarian
5000204,Mary ,Moore,65,Photographer
5000205,Robert ,Lopez,67,Electrician
5000206,Michael ,Rodriguez,53,Human  resources  assistant
5000207,Linda ,Anderson,28,Librarian
5000208,Sarah ,Wilson,43,Financial  analyst
5000209,Susan ,Anderson,33,Electrician
5000210,Jessica ,Gonzalez,49,Agricultural  and  food  scientist
5000211,Elizabeth ,Anderson,72,Financial  analyst
5000212,David ,Lopez,65,Carpenter
5000213,Barbara ,Gonzalez,24,Judge
5000214,Susan ,Williams,71,Civil  engineer
5000215,Jessica ,Brown,64,Electrician
5000216,Michael ,Smith,46,Loan  officer
5000217,David ,Moore,52,Therapist
5000218,Michael ,Hernandez,22,Doctor
5000219,Mary ,Williams,63,Human  resources  assistant
5000220,Jessica ,Johnson,74,Environmental  scientist
5000221,Sarah ,Brown,28,Civil  engineer
5000222,Thomas ,Brown,63,Childcare  worker
5000223,Linda ,Brown,70,Designer
5000224,John ,Smith,58,Accountant
5000225,Joseph ,Johnson,71,Actor
5000226,Joseph ,Williams,36,Accountant
5000227,Michael ,Anderson,58,Veterinarian
5000228,David ,Wilson,32,Statistician
5000229,William ,Martinez,64,Pilot
5000230,Richard ,Davis,28,Pilot
5000231,Michael ,Jackson,45,Police  officer
5000232,Barbara ,Anderson,67,Doctor
5000233,Robert ,Rodriguez,67,Police  officer
5000234,James ,Johnson,35,Reporter
5000235,Patricia ,Martinez,42,Chemist
5000236,Patricia ,Martinez,69,Photographer
5000237,Charles ,Gonzalez,31,Loan  officer
5000238,David ,Martin,59,Computer  software  engineer
5000239,Karen ,Hernandez,50,Psychologist
5000240,Jennifer ,Lopez,56,Physicist
5000241,Charles ,Brown,35,Actor
5000242,Mary ,Smith,74,Electrical  engineer
5000243,Richard ,Thomas,72,Veterinarian
5000244,David ,Rodriguez,59,Veterinarian
5000245,Charles ,Garcia,52,Economist
5000246,Karen ,Jackson,58,Childcare  worker
5000247,Linda ,Williams,58,Farmer
5000248,Robert ,Wilson,23,Computer  hardware  engineer
5000249,David ,Johnson,34,Electrical  engineer
5000250,Mary ,Wilson,34,Environmental  scientist
5000251,Michael ,Davis,61,Pilot
5000252,Elizabeth ,Martin,31,Physicist
5000253,Elizabeth ,Gonzalez,64,Doctor
5000254,Linda ,Moore,72,Loan  officer
5000255,Richard ,Lopez,65,Actor
5000256,Charles ,Lopez,40,Environmental  scientist
5000257,Jessica ,Williams,58,
5000258,David ,Johnson,67,Economist
5000259,Thomas ,Martinez,74,Social  worker
5000260,John ,Hernandez,59,Nurse
5000261,Charles ,Moore,27,Childcare  worker
5000262,Jessica ,Jackson,52,Athlete
5000263,Barbara ,Wilson,67,Judge
5000264,Barbara ,Rodriguez,37,Firefighter
5000265,Robert ,Lopez,69,Designer
5000266,David ,Williams,40,Therapist
5000267,Susan ,Rodriguez,64,Chemist
5000268,Patricia ,Moore,57,Nurse
5000269,Elizabeth ,Anderson,74,Photographer
5000270,Joseph ,Thomas,38,Engineering  technician
5000271,David ,Garcia,59,Pilot
5000272,James ,Hernandez,54,Electrical  engineer
5000273,Susan ,Davis,50,Engineering  technician
5000274,Jessica ,Rodriguez,66,Secretary
5000275,Charles ,Lopez,74,Dancer
5000276,Jessica ,Johnson,43,Coach
5000277,Michael ,Garcia,59,Loan  officer
5000278,Patricia ,Wilson,62,Accountant
5000279,Joseph ,Brown,58,Secretary
5000280,William ,Miller,32,Photographer
5000281,Jennifer ,Davis,64,Therapist
5000282,Michael ,Williams,50,Accountant
5000283,Linda ,Martin,57,Electrician
5000284,Richard ,Anderson,48,Photographer
5000285,Charles ,Miller,71,Social  worker
5000286,Thomas ,Lopez,48,Nurse
5000287,David ,Miller,30,Firefighter
5000288,David ,Gonzalez,34,Economist
5000289,Richard ,Hernandez,70,Electrical  engineer
5000290,John ,Jones,21,Nurse
5000291,Barbara ,Rodriguez,67,Recreation  and  fitness  worker
5000292,Susan ,Martin,21,Social  worker
5000293,Linda ,Williams,44,Childcare  worker
5000294,Richard ,Anderson,70,Loan  officer
5000295,Patricia ,Johnson,70,Photographer
5000296,Jessica ,Hernandez,67,Politician
5000297,John ,Johnson,43,Artist
5000298,Susan ,Jones,57,Physicist
5000299,Elizabeth ,Hernandez,53,Reporter
5000300,Patricia ,Miller,41,Coach
5000301,Thomas ,Miller,55,Librarian
5000302,Sarah ,Martin,27,Electrical  engineer
5000303,David ,Martin,54,Police  officer
5000304,Joseph ,Gonzalez,57,Statistician
5000305,David ,Hernandez,61,Architect
5000306,Richard ,Johnson,44,Nurse
5000307,Robert ,Williams,74,Farmer
5000308,Richard ,Moore,42,Statistician
5000309,Sarah ,Garcia,66,Recreation  and  fitness  worker
5000310,David ,Anderson,56,Electrical  engineer
5000311,Barbara ,Rodriguez,43,Reporter
5000312,Susan ,Gonzalez,36,Designer
5000313,Elizabeth ,Smith,44,Civil  engineer
5000314,Susan ,Taylor,69,Computer  software  engineer
5000315,Elizabeth ,Davis,36,Human  resources  assistant
5000316,Barbara ,Moore,28,Loan  officer
5000317,John ,Martinez,62,Judge
5000318,Elizabeth ,Brown,41,Loan  officer
5000319,David ,Williams,70,Statistician
5000320,Linda ,Anderson,25,Computer  support  specialist
5000321,Mary ,Martin,33,Physicist
5000322,Joseph ,Anderson,50,Pilot
5000323,James ,Jones,34,Librarian
5000324,David ,Jones,51,Social  worker
5000325,Barbara ,Moore,75,Artist
5000326,Thomas ,Hernandez,67,Computer  software  engineer
5000327,Robert ,Garcia,43,
5000328,Linda ,Moore,53,Accountant
5000329,John ,Jackson,35,Secretary
5000330,Elizabeth ,Johnson,38,Designer
5000331,Jennifer ,Hernandez,37,Agricultural  and  food  scientist
5000332,Charles ,Davis,55,Statistician
5000333,Patricia ,Taylor,28,Police  officer
5000334,Sarah ,Miller,65,Childcare  worker
5000335,Jessica ,Wilson,55,Accountant
5000336,John ,Moore,62,Pilot
5000337,William ,Brown,55,Computer  hardware  engineer
5000338,Susan ,Jackson,71,Musician
5000339,Karen ,Hernandez,38,Writer
5000340,Richard ,Hernandez,37,Chemist
5000341,Karen ,Gonzalez,51,Electrical  engineer
5000342,Richard ,Rodriguez,29,Farmer
5000343,John ,Miller,43,Politician
5000344,Michael ,Moore,69,Athlete
5000345,Sarah ,Thomas,28,Veterinarian
5000346,Linda ,Anderson,26,Lawyer
5000347,Thomas ,Moore,50,Loan  officer
5000348,Linda ,Miller,37,Automotive  mechanic
5000349,Jessica ,Gonzalez,21,Civil  engineer
5000350,Jennifer ,Thomas,30,Pharmacist
5000351,Joseph ,Davis,73,Farmer
5000352,John ,Gonzalez,51,Lawyer
5000353,Barbara ,Garcia,64,Statistician
5000354,Richard ,Rodriguez,49,Doctor
5000355,Elizabeth ,Lopez,27,Environmental  scientist
5000356,Elizabeth ,Martin,56,Childcare  worker
5000357,Sarah ,Thomas,32,Dancer
5000358,James ,Brown,56,Computer  support  specialist
5000359,James ,Jones,22,Firefighter
5000360,Patricia ,Thomas,73,Musician
5000361,Jennifer ,Rodriguez,64,Environmental  scientist
5000362,David ,Lopez,74,Physicist
5000363,Patricia ,Brown,54,Human  resources  assistant
5000364,Jessica ,Smith,39,Doctor
5000365,Michael ,Lopez,57,Reporter
5000366,Robert ,Gonzalez,37,Human  resources  assistant
5000367,Karen ,Wilson,66,Carpenter
5000368,Susan ,Brown,60,Accountant
5000369,David ,Thomas,28,Agricultural  and  food  scientist
5000370,Karen ,Jackson,35,Nurse
5000371,Karen ,Thomas,71,Real  estate  agent
5000372,Thomas ,Davis,53,Pharmacist
5000373,Linda ,Martinez,66,Computer  hardware  engineer
5000374,Michael ,Hernandez,67,Civil  engineer
5000375,Elizabeth ,Hernandez,63,Teacher
5000376,Thomas ,Moore,40,Coach
5000377,Charles ,Miller,36,Human  resources  assistant
5000378,David ,Williams,34,Recreation  and  fitness  worker
5000379,Karen ,Rodriguez,50,Coach
5000380,Charles ,Wilson,59,Photographer
5000381,Michael ,Rodriguez,31,Electrical  engineer
5000382,Joseph ,Williams,61,Athlete
5000383,John ,Brown,70,Reporter
5000384,Robert ,Williams,36,Financial  analyst
5000385,Jennifer ,Rodriguez,49,Psychologist
5000386,Charles ,Brown,30,Architect
5000387,William ,Smith,60,Politician
5000388,Joseph ,Rodriguez,73,Doctor
5000389,Robert ,Johnson,26,Therapist
5000390,Patricia ,Jones,54,Dancer
5000391,Linda ,Davis,73,Computer  software  engineer
5000392,John ,Smith,74,Pilot
5000393,Patricia ,Garcia,55,Social  worker
5000394,James ,Anderson,63,Statistician
5000395,Linda ,Garcia,54,Designer
5000396,Robert ,Lopez,45,Farmer
5000397,Mary ,Jones,26,Teacher
5000398,Barbara ,Martinez,57,Therapist
5000399,William ,Martinez,51,Judge
5000400,Joseph ,Martin,72,Librarian
5000401,Patricia ,Moore,48,Automotive  mechanic
5000402,Karen ,Anderson,38,Computer  support  specialist
5000403,Michael ,Moore,65,Pilot
5000404,Charles ,Jackson,74,Politician
5000405,John ,Moore,41,Pharmacist
5000406,Linda ,Jones,59,Agricultural  and  food  scientist
5000407,Susan ,Martinez,32,Carpenter
5000408,Jennifer ,Anderson,33,Veterinarian
5000409,James ,Johnson,58,Actor
5000410,John ,Taylor,66,Therapist
5000411,Jessica ,Johnson,50,
5000412,James ,Anderson,47,Designer
5000413,Mary ,Rodriguez,33,Athlete
5000414,Jessica ,Rodriguez,72,Firefighter
5000415,Elizabeth ,Jones,52,Social  worker
5000416,Jessica ,Taylor,45,Environmental  scientist
5000417,Sarah ,Lopez,61,Social  worker
5000418,Jennifer ,Martin,46,Social  worker
5000419,Jessica ,Lopez,67,Civil  engineer
5000420,Jessica ,Williams,64,Engineering  technician
5000421,Jennifer ,Anderson,31,Lawyer
5000422,Jennifer ,Williams,72,Doctor
5000423,Patricia ,Jones,59,Pilot
5000424,James ,Taylor,56,Dancer
5000425,David ,Hernandez,26,Pilot
5000426,Michael ,Jackson,31,Veterinarian
5000427,Linda ,Miller,36,Designer
5000428,Elizabeth ,Anderson,62,Computer  support  specialist
5000429,Jessica ,Garcia,52,Musician
5000430,Mary ,Taylor,41,Nurse
5000431,Mary ,Gonzalez,35,Politician
5000432,William ,Hernandez,61,Dancer
5000433,Michael ,Rodriguez,64,Carpenter
5000434,Jessica ,Hernandez,59,Environmental  scientist
5000435,Joseph ,Wilson,36,Architect
5000436,Sarah ,Brown,43,Politician
5000437,Michael ,Williams,69,Actor
5000438,Joseph ,Martin,34,Electrical  engineer
5000439,Susan ,Taylor,69,Environmental  scientist
5000440,Linda ,Taylor,25,Pilot
5000441,Charles ,Martinez,32,Chemist
5000442,Jennifer ,Moore,34,Farmer
5000443,Karen ,Taylor,51,Secretary
5000444,Karen ,Jackson,51,Childcare  worker
5000445,David ,Martin,70,Veterinarian
5000446,William ,Anderson,66,Architect
5000447,Thomas ,Garcia,65,Electrician
5000448,Charles ,Johnson,34,Designer
5000449,Michael ,Martin,30,Automotive  mechanic
5000450,Michael ,Thomas,37,Farmer
5000451,Sarah ,Lopez,21,Architect
5000452,Charles ,Williams,36,Athlete
5000453,Linda ,Garcia,64,Photographer
5000454,Thomas ,Williams,22,Computer  hardware  engineer
5000455,Michael ,Thomas,56,Accountant
5000456,Linda ,Garcia,38,Computer  software  engineer
5000457,Jessica ,Smith,34,Doctor
5000458,Karen ,Wilson,40,Musician
5000459,Richard ,Jackson,60,Politician
5000460,Richard ,Thomas,40,Veterinarian
5000461,Mary ,Taylor,50,Architect
5000462,Jennifer ,Williams,43,Statistician
5000463,Michael ,Wilson,70,
5000464,Jennifer ,Taylor,60,Nurse
5000465,William ,Smith,21,Nurse
5000466,Patricia ,Davis,37,Pilot
5000467,Jennifer ,Williams,66,Recreation  and  fitness  worker
5000468,Jessica ,Taylor,65,Agricultural  and  food  scientist
5000469,Elizabeth ,Taylor,51,Pharmacist
5000470,Jessica ,Davis,46,Computer  support  specialist
5000471,Barbara ,Gonzalez,40,Social  worker
5000472,Sarah ,Rodriguez,22,Financial  analyst
5000473,Charles ,Martin,25,Civil  engineer
5000474,Charles ,Johnson,30,Architect
5000475,James ,Anderson,43,Statistician
5000476,William ,Miller,47,Writer
5000477,Charles ,Taylor,48,Firefighter
5000478,Richard ,Johnson,26,Firefighter
5000479,Jennifer ,Jones,74,Photographer
5000480,Elizabeth ,Miller,64,Recreation  and  fitness  worker
5000481,Thomas ,Wilson,48,Dancer
5000482,John ,Taylor,25,Musician
5000483,Patricia ,Anderson,38,Statistician
5000484,Charles ,Anderson,68,Firefighter
5000485,Mary ,Taylor,58,Judge
5000486,Susan ,Davis,58,Designer
5000487,Jessica ,Martinez,51,Childcare  worker
5000488,Barbara ,Jackson,58,Photographer
5000489,William ,Gonzalez,31,Agricultural  and  food  scientist
5000490,Sarah ,Johnson,37,Accountant
5000491,Richard ,Garcia,59,Pharmacist
5000492,Elizabeth ,Johnson,29,Actor
5000493,Elizabeth ,Rodriguez,53,Farmer
5000494,Linda ,Williams,75,
5000495,Joseph ,Williams,65,Financial  analyst
5000496,Thomas ,Moore,74,Economist
5000497,Robert ,Lopez,26,Dancer
5000498,Jennifer ,Garcia,69,Accountant
5000499,Susan ,Taylor,61,Recreation  and  fitness  worker
5000500,Michael ,Moore,58,Engineering  technician
5000501,Susan ,Jones,68,Loan  officer
5000502,Barbara ,Gonzalez,37,Teacher
5000503,James ,Anderson,61,Police  officer
5000504,Susan ,Garcia,50,Teacher
5000505,Sarah ,Moore,54,Teacher
5000506,William ,Brown,36,Agricultural  and  food  scientist
5000507,Mary ,Smith,68,Engineering  technician
5000508,Sarah ,Smith,63,Computer  hardware  engineer
5000509,Joseph ,Moore,33,Loan  officer
5000510,William ,Johnson,69,Coach
5000511,Mary ,Martinez,68,Loan  officer
5000512,Mary ,Jones,67,Chemist
5000513,Karen ,Lopez,45,Engineering  technician
5000514,Susan ,Taylor,36,Financial  analyst
5000515,Joseph ,Brown,54,Photographer
5000516,Elizabeth ,Lopez,25,Pharmacist
5000517,Elizabeth ,Jones,58,Actor
5000518,Patricia ,Gonzalez,72,Librarian
5000519,Jennifer ,Gonzalez,67,Chemist
5000520,Karen ,Anderson,45,Artist
5000521,Patricia ,Brown,42,Computer  support  specialist
5000522,Linda ,Brown,28,Therapist
5000523,Elizabeth ,Jones,64,Nurse
5000524,Linda ,Davis,40,Computer  support  specialist
5000525,Susan ,Moore,55,Human  resources  assistant
5000526,Charles ,Thomas,56,Automotive  mechanic
5000527,Robert ,Garcia,31,Firefighter
5000528,Richard ,Jones,63,Pharmacist
5000529,David ,Garcia,68,Lawyer
5000530,Karen ,Brown,31,Reporter
5000531,Richard ,Hernandez,40,Librarian
5000532,Richard ,Martin,73,Electrical  engineer
5000533,Linda ,Miller,34,Agricultural  and  food  scientist
5000534,Jessica ,Jackson,38,Statistician
5000535,Barbara ,Martinez,41,Human  resources  assistant
5000536,Karen ,Jackson,66,Therapist
5000537,Jessica ,Johnson,67,Agricultural  and  food  scientist
5000538,Barbara ,Garcia,27,Police  officer
5000539,Karen ,Rodriguez,71,Firefighter
5000540,Sarah ,Moore,71,Childcare  worker
5000541,Karen ,Taylor,32,Agricultural  and  food  scientist
5000542,Barbara ,Johnson,33,Pilot
5000543,William ,Martinez,31,Accountant
5000544,Mary ,Jones,38,Librarian
5000545,James ,Garcia,22,Pharmacist
5000546,Karen ,Gonzalez,55,Judge
5000547,Barbara ,Garcia,61,Psychologist
5000548,Linda ,Brown,72,Librarian
5000549,Elizabeth ,Thomas,74,Financial  analyst
5000550,Thomas ,Miller,36,Chemist
5000551,Susan ,Anderson,26,Electrician
5000552,Susan ,Lopez,63,Computer  hardware  engineer
5000553,Michael ,Johnson,30,Recreation  and  fitness  worker
5000554,Karen ,Martin,25,Writer
5000555,Michael ,Moore,57,Politician
5000556,Patricia ,Thomas,71,Statistician
5000557,James ,Taylor,38,Electrician
5000558,Jennifer ,Martinez,64,Photographer
5000559,Charles ,Taylor,37,Electrician
5000560,Jessica ,Moore,35,Computer  support  specialist
5000561,Michael ,Davis,45,Secretary
5000562,Barbara ,Anderson,61,Pilot
5000563,Thomas ,Johnson,34,Civil  engineer
5000564,Jessica ,Williams,63,Pharmacist
5000565,Michael ,Williams,51,Firefighter
5000566,Patricia ,Gonzalez,31,Therapist
5000567,Patricia ,Hernandez,37,Reporter
5000568,David ,Jackson,36,Nurse
5000569,Karen ,Johnson,33,Actor
5000570,William ,Jones,74,Civil  engineer
5000571,Sarah ,Williams,29,Politician
5000572,Jessica ,Hernandez,61,Photographer
5000573,Linda ,Johnson,42,Electrician
5000574,Karen ,Gonzalez,37,Recreation  and  fitness  worker
5000575,Robert ,Lopez,27,Real  estate  agent
5000576,Mary ,Jones,67,Doctor
5000577,Richard ,Jones,46,Coach
5000578,Jessica ,Davis,32,Automotive  mechanic
5000579,Richard ,Martinez,28,Accountant
5000580,Jessica ,Taylor,56,Chemist
5000581,Jessica ,Brown,39,Civil  engineer
5000582,Susan ,Brown,37,Teacher
5000583,James ,Wilson,66,Lawyer
5000584,Karen ,Gonzalez,60,Chemist
5000585,Patricia ,Brown,65,Human  resources  assistant
5000586,Michael ,Jackson,28,Coach
5000587,John ,Garcia,54,Doctor
5000588,Jessica ,Thomas,71,Real  estate  agent
5000589,Linda ,Davis,60,Accountant
5000590,Sarah ,Hernandez,53,Secretary
5000591,Richard ,Jackson,69,Librarian
5000592,James ,Rodriguez,50,Nurse
5000593,Richard ,Smith,43,Carpenter
5000594,Mary ,Garcia,31,Carpenter
5000595,Linda ,Smith,25,Photographer
5000596,Joseph ,Jones,59,Recreation  and  fitness  worker
5000597,Barbara ,Martin,62,Athlete
5000598,Thomas ,Anderson,47,Musician
5000599,Barbara ,Taylor,43,Veterinarian
5000600,Thomas ,Smith,44,Financial  analyst
5000601,Jessica ,Johnson,51,Pilot
5000602,Charles ,Taylor,32,Veterinarian
5000603,Thomas ,Rodriguez,60,Real  estate  agent
5000604,Barbara ,Jackson,39,Doctor
5000605,David ,Smith,56,Musician
5000606,Jennifer ,Johnson,31,Pilot
5000607,Jessica ,Brown,63,Judge
5000608,Karen ,Wilson,42,Computer  hardware  engineer
5000609,Barbara ,Hernandez,71,Nurse
5000610,Richard ,Taylor,50,Athlete
5000611,Susan ,Moore,29,Athlete
5000612,John ,Rodriguez,54,Statistician
5000613,Jessica ,Moore,71,Physicist
5000614,Linda ,Martin,61,Electrician
5000615,Robert ,Williams,30,Police  officer
5000616,Robert ,Anderson,49,Carpenter
5000617,Mary ,Martinez,42,Writer
5000618,Patricia ,Lopez,42,Farmer
5000619,Thomas ,Williams,37,Photographer
5000620,Charles ,Williams,37,Chemist
5000621,Jessica ,Jones,62,Engineer
5000622,Jennifer ,Hernandez,66,Doctor
5000623,Linda ,Johnson,69,Childcare  worker
5000624,Thomas ,Jackson,48,Doctor
5000625,Richard ,Jackson,29,Computer  support  specialist
5000626,Jessica ,Moore,48,Engineer
5000627,Joseph ,Johnson,42,Lawyer
5000628,Karen ,Williams,39,Architect
5000629,William ,Smith,61,Chemist
5000630,Jennifer ,Jones,44,Financial  analyst
5000631,Patricia ,Johnson,22,Teacher
5000632,Mary ,Jackson,30,Pilot
5000633,Michael ,Miller,47,Actor
5000634,Thomas ,Rodriguez,39,Engineer
5000635,Karen ,Johnson,44,Writer
5000636,Robert ,Williams,39,Economist
5000637,Joseph ,Gonzalez,61,Veterinarian
5000638,Richard ,Johnson,51,Lawyer
5000639,Michael ,Smith,43,Recreation  and  fitness  worker
5000640,Sarah ,Smith,71,Accountant
5000641,Elizabeth ,Miller,30,Nurse
5000642,Thomas ,Garcia,24,Physicist
5000643,Michael ,Miller,55,Lawyer
5000644,Thomas ,Johnson,63,Agricultural  and  food  scientist
5000645,Patricia ,Brown,70,Social  worker
5000646,Mary ,Johnson,37,Physicist
5000647,Joseph ,Martinez,61,Engineer
5000648,Joseph ,Johnson,62,Psychologist
5000649,Richard ,Smith,27,Computer  hardware  engineer
5000650,Linda ,Anderson,54,Computer  hardware  engineer
5000651,Karen ,Williams,75,Teacher
5000652,Robert ,Brown,70,Real  estate  agent
5000653,Karen ,Rodriguez,59,Human  resources  assistant
5000654,William ,Smith,33,Computer  software  engineer
5000655,Charles ,Smith,67,Judge
5000656,Elizabeth ,Miller,56,Social  worker
5000657,Linda ,Johnson,36,Firefighter
5000658,James ,Smith,27,Pharmacist
5000659,Karen ,Williams,69,Nurse
5000660,John ,Martinez,33,Pilot
5000661,Robert ,Rodriguez,27,Engineer
5000662,Joseph ,Gonzalez,62,Reporter
5000663,Joseph ,Garcia,59,Electrical  engineer
5000664,David ,Rodriguez,35,Artist
5000665,Jennifer ,Miller,62,Chemist
5000666,Linda ,Martinez,52,Firefighter
5000667,Joseph ,Martinez,42,Economist
5000668,Mary ,Gonzalez,65,Veterinarian
5000669,Jessica ,Williams,49,Artist
5000670,Sarah ,Jackson,31,Computer  hardware  engineer
5000671,Mary ,Smith,71,Computer  hardware  engineer
5000672,Robert ,Anderson,56,Veterinarian
5000673,Jennifer ,Johnson,36,Accountant
5000674,Patricia ,Jackson,59,Librarian
5000675,Richard ,Jackson,59,Pharmacist
5000676,Joseph ,Jackson,63,Human  resources  assistant
5000677,Joseph ,Moore,51,Dancer
5000678,David ,Anderson,25,Engineer
5000679,John ,Anderson,49,Pilot
5000680,Michael ,Smith,74,Social  worker
5000681,James ,Williams,37,Photographer
5000682,Michael ,Brown,73,Engineer
5000683,Mary ,Gonzalez,47,Computer  hardware  engineer
5000684,Patricia ,Smith,32,Psychologist
5000685,Thomas ,Miller,35,Architect
5000686,Mary ,Johnson,39,Lawyer
5000687,Mary ,Johnson,54,Veterinarian
5000688,Karen ,Williams,33,Athlete
5000689,David ,Rodriguez,28,Computer  software  engineer
5000690,Robert ,Lopez,23,Real  estate  agent
5000691,Jessica ,Miller,71,Computer  hardware  engineer
5000692,Jessica ,Miller,65,Computer  support  specialist
5000693,John ,Rodriguez,23,Chemist
5000694,Richard ,Jones,65,Actor
5000695,Richard ,Hernandez,35,Reporter
5000696,Mary ,Thomas,33,Nurse
5000697,Thomas ,Williams,36,Lawyer
5000698,Michael ,Williams,24,Veterinarian
5000699,Robert ,Anderson,60,Engineer
5000700,James ,Lopez,42,Dancer
5000701,Patricia ,Gonzalez,65,Human  resources  assistant
5000702,Robert ,Jackson,71,Financial  analyst
5000703,William ,Brown,42,Architect
5000704,William ,Jones,49,Economist
5000705,Elizabeth ,Johnson,64,Engineer
5000706,Jennifer ,Garcia,65,Human  resources  assistant
5000707,Joseph ,Rodriguez,66,Electrician
5000708,Jennifer ,Williams,75,Teacher
5000709,John ,Lopez,58,Computer  hardware  engineer
5000710,Michael ,Hernandez,26,Lawyer
5000711,Richard ,Anderson,46,Writer
5000712,Michael ,Brown,71,Firefighter
5000713,Joseph ,Taylor,59,Reporter
5000714,Thomas ,Rodriguez,31,Computer  software  engineer
5000715,Patricia ,Brown,57,Electrician
5000716,Charles ,Rodriguez,57,Nurse
5000717,Michael ,Jones,22,Engineer
5000718,David ,Anderson,40,Reporter
5000719,David ,Rodriguez,34,Teacher
5000720,John ,Taylor,53,Agricultural  and  food  scientist
5000721,Richard ,Garcia,40,Architect
5000722,Mary ,Johnson,56,Physicist
5000723,Richard ,Williams,72,Engineer
5000724,James ,Taylor,46,Automotive  mechanic
5000725,James ,Rodriguez,56,Pharmacist
5000726,David ,Jackson,39,Electrician
5000727,Joseph ,Johnson,43,Teacher
5000728,Jennifer ,Smith,33,Writer
5000729,Thomas ,Hernandez,42,Computer  hardware  engineer
5000730,Charles ,Williams,57,Athlete
5000731,John ,Brown,62,Childcare  worker
5000732,Linda ,Rodriguez,39,Photographer
5000733,Robert ,Johnson,49,Judge
5000734,Michael ,Miller,46,Computer  software  engineer
5000735,Karen ,Johnson,42,Childcare  worker
5000736,Mary ,Hernandez,50,Veterinarian
5000737,Sarah ,Garcia,67,Athlete
5000738,Linda ,Johnson,69,Engineer
5000739,Joseph ,Thomas,21,Financial  analyst
5000740,Michael ,Thomas,65,Architect
5000741,Karen ,Miller,55,Engineer
5000742,Mary ,Johnson,32,Nurse
5000743,Barbara ,Gonzalez,61,Engineer
5000744,David ,Rodriguez,28,Computer  hardware  engineer
5000745,Sarah ,Taylor,74,Engineer
5000746,Jennifer ,Brown,53,Architect
5000747,Thomas ,Jackson,59,Pilot
5000748,Robert ,Moore,48,Social  worker
5000749,Mary ,Rodriguez,56,Computer  hardware  engineer
5000750,Linda ,Anderson,46,Engineer
5000751,Karen ,Williams,70,Pharmacist
5000752,Jessica ,Williams,75,Computer  support  specialist
5000753,Richard ,Martinez,54,Physicist
5000754,Robert ,Williams,37,Engineer
5000755,Mary ,Taylor,32,Teacher
5000756,Patricia ,Moore,46,Photographer
5000757,Jessica ,Williams,38,Teacher
5000758,Jennifer ,Jackson,62,Human  resources  assistant
5000759,Thomas ,Johnson,63,Judge
5000760,Elizabeth ,Jones,67,Engineer
5000761,Richard ,Rodriguez,47,Computer  hardware  engineer
5000762,Michael ,Brown,73,Pharmacist
5000763,David ,Miller,58,Computer  software  engineer
5000764,John ,Smith,61,Computer  hardware  engineer
5000765,Linda ,Lopez,66,Computer  support  specialist
5000766,Elizabeth ,Rodriguez,28,Teacher
5000767,Joseph ,Brown,38,Engineer
5000768,John ,Rodriguez,39,Athlete
5000769,David ,Anderson,43,Teacher
5000770,Jennifer ,Moore,39,Nurse
5000771,Jennifer ,Brown,32,Engineer
5000772,Sarah ,Rodriguez,46,Pharmacist
5000773,Jennifer ,Johnson,64,Engineer
5000774,Karen ,Smith,45,Teacher
5000775,Thomas ,Rodriguez,36,Engineer
5000776,Mary ,Rodriguez,47,Veterinarian
5000777,Sarah ,Taylor,29,Human  resources  assistant
5000778,Robert ,Williams,36,Physicist
5000779,Richard ,Jackson,51,Engineer
5000780,Thomas ,Johnson,37,Reporter
5000781,Patricia ,Garcia,71,Economist
5000782,Joseph ,Taylor,59,Computer  hardware  engineer
5000783,Charles ,Johnson,32,Actor
5000784,Richard ,Moore,46,Computer  hardware  engineer
5000785,Charles ,Lopez,68,Engineer
5000786,Michael ,Martinez,61,Writer
5000787,Jennifer ,Johnson,37,Real  estate  agent
5000788,Patricia ,Thomas,65,Computer  support  specialist
5000789,Thomas ,Jackson,68,Human  resources  assistant
5000790,Michael ,Williams,62,Pilot
5000791,Patricia ,Moore,40,Social  worker
5000792,Jennifer ,Hernandez,62,Childcare  worker
5000793,Mary ,Johnson,67,Veterinarian
5000794,William ,Smith,59,Writer
5000795,Richard ,Taylor,55,Engineer
5000796,Richard ,Williams,75,Teacher
5000797,John ,Hernandez,69,Computer  software  engineer
5000798,Mary ,Jackson,32,Engineer
5000799,Michael ,Smith,70,Pharmacist
5000800,William ,Miller,62,Pharmacist
5000801,Charles ,Smith,24,Engineer
5000802,Sarah ,Lopez,72,Engineer
5000803,Jennifer ,Jackson,35,Reporter
5000804,Joseph ,Gonzalez,52,Athlete
5000805,Sarah ,Hernandez,22,Writer
5000806,Barbara ,Hernandez,64,Engineer
5000807,Elizabeth ,Johnson,67,Architect
5000808,Mary ,Thomas,33,Coach
5000809,Jennifer ,Hernandez,21,Engineer
5000810,Mary ,Hernandez,50,Athlete
5000811,Jessica ,Miller,64,Engineer
5000812,Mary ,Garcia,72,Computer  software  engineer
5000813,Joseph ,Williams,70,Writer
5000814,Karen ,Taylor,74,Engineer
5000815,Jessica ,Hernandez,25,Pilot
5000816,John ,Thomas,70,Computer  hardware  engineer
5000817,Charles ,Williams,74,Social  worker
5000818,Joseph ,Taylor,54,Physicist
5000819,Michael ,Garcia,24,Engineer
5000820,John ,Jackson,48,Architect
5000821,David ,Smith,21,Computer  hardware  engineer
5000822,Jessica ,Miller,39,Lawyer
5000823,Mary ,Garcia,40,Computer  support  specialist
5000824,Patricia ,Garcia,70,Computer  hardware  engineer
5000825,Patricia ,Jones,50,Computer  hardware  engineer
5000826,John ,Jackson,64,Engineer
5000827,Patricia ,Rodriguez,42,Computer  support  specialist
5000828,Thomas ,Taylor,37,Pilot
5000829,Jennifer ,Hernandez,62,Engineer
5000830,Richard ,Rodriguez,39,Computer  hardware  engineer
5000831,Charles ,Hernandez,28,Computer  software  engineer
5000832,Thomas ,Lopez,52,Engineer
5000833,Thomas ,Smith,44,Computer  hardware  engineer
5000834,Charles ,Thomas,46,Computer  software  engineer
5000835,William ,Rodriguez,69,Engineer
5000836,Joseph ,Jones,42,Judge
5000837,Charles ,Lopez,43,Engineer
5000838,Mary ,Jackson,59,Computer  hardware  engineer
5000839,Jessica ,Williams,45,Engineer
5000840,Robert ,Miller,51,Teacher
5000841,Linda ,Jackson,32,Architect
5000842,Elizabeth ,Jackson,47,Computer  hardware  engineer
5000843,David ,Miller,65,Photographer
5000844,Linda ,Gonzalez,61,Engineer
5000845,John ,Miller,47,Engineer
5000846,Linda ,Lopez,35,Pilot
5000847,Jessica ,Rodriguez,68,Engineer
5000848,William ,Jackson,29,Human  resources  assistant
5000849,Barbara ,Williams,48,Social  worker
5000850,Jessica ,Smith,41,Engineer
5000851,Thomas ,Williams,42,Economist
5000852,Karen ,Hernandez,65,Engineer
5000853,Mary ,Taylor,30,Teacher
5000854,Richard ,Thomas,33,Nurse
5000855,John ,Lopez,37,Pilot
5000856,Michael ,Jones,67,Physicist
5000857,Jennifer ,Lopez,22,Writer
5000858,Michael ,Jackson,56,Engineer
5000859,William ,Smith,72,Photographer
5000860,Jessica ,Rodriguez,46,Photographer
5000861,David ,Smith,22,Engineer
5000862,Michael ,Rodriguez,48,Real  estate  agent
5000863,Karen ,Jackson,53,Agricultural  and  food  scientist
5000864,Michael ,Johnson,32,Computer  hardware  engineer
5000865,Mary ,Taylor,74,Engineer
5000866,Charles ,Jackson,62,Economist
5000867,Charles ,Jones,63,Architect
5000868,William ,Martinez,34,Engineer
5000869,Thomas ,Taylor,28,Engineer
5000870,Michael ,Smith,47,Computer  support  specialist
5000871,Richard ,Williams,71,Engineer
5000872,Karen ,Johnson,22,Computer  software  engineer
5000873,Thomas ,Smith,23,Athlete
5000874,James ,Jones,49,Athlete
5000875,Joseph ,Miller,35,Computer  hardware  engineer
5000876,David ,Miller,37,Engineer
5000877,Jennifer ,Martinez,62,Pilot
5000878,Patricia ,Moore,48,Engineer
5000879,Mary ,Rodriguez,68,Human  resources  assistant
5000880,Sarah ,Hernandez,27,Computer  hardware  engineer
5000881,Joseph ,Williams,50,Computer  hardware  engineer
5000882,Robert ,Williams,40,Architect
5000883,Karen ,Rodriguez,75,Computer  support  specialist
5000884,Michael ,Rodriguez,40,Engineer
5000885,Joseph ,Gonzalez,55,Computer  software  engineer
5000886,Michael ,Jackson,50,Writer
5000887,Charles ,Smith,22,Physicist
5000888,Michael ,Williams,66,Engineer
5000889,Jessica ,Miller,65,Human  resources  assistant
5000890,Karen ,Hernandez,40,Engineer
5000891,James ,Williams,59,Pilot
5000892,Thomas ,Garcia,32,Pharmacist
5000893,Michael ,Smith,67,Engineer
5000894,Robert ,Williams,69,Engineer
5000895,Elizabeth ,Lopez,74,Computer  hardware  engineer
5000896,Barbara ,Johnson,69,Computer  software  engineer
5000897,William ,Williams,44,Economist
5000898,Linda ,Thomas,59,Pharmacist
5000899,Jessica ,Williams,46,Computer  hardware  engineer
5000900,Mary ,Hernandez,33,Engineer
5000901,Jessica ,Rodriguez,28,Psychologist
5000902,Mary ,Johnson,69,Nurse
5000903,Joseph ,Rodriguez,56,Engineer
5000904,Sarah ,Lopez,47,Computer  hardware  engineer
5000905,Mary ,Taylor,24,Teacher
5000906,William ,Jones,43,Computer  software  engineer
5000907,John ,Williams,52,Engineer
5000908,Jennifer ,Williams,73,Engineer
5000909,Joseph ,Rodriguez,40,Engineer
5000910,Mary ,Williams,37,Writer
5000911,David ,Brown,46,Computer  support  specialist
5000912,Mary ,Johnson,54,Judge
5000913,Jessica ,Johnson,22,Pilot
5000914,Thomas ,Hernandez,68,Engineer
5000915,Sarah ,Jackson,32,Engineer
5000916,Linda ,Rodriguez,27,Engineer
5000917,Charles ,Jones,50,Engineer
5000918,Richard ,Johnson,37,Engineer
5000919,Jessica ,Miller,55,Engineer
5000920,Karen ,Miller,50,Human  resources  assistant
5000921,John ,Hernandez,26,Athlete
5000922,Robert ,Williams,35,Pilot
5000923,Joseph ,Jackson,62,Engineer
5000924,Barbara ,Thomas,58,Computer  hardware  engineer
5000925,Jessica ,Rodriguez,36,Architect
5000926,Richard ,Thomas,71,Computer  hardware  engineer
5000927,David ,Williams,69,Engineer
5000928,Jessica ,Brown,69,Engineer
5000929,Charles ,Rodriguez,51,Engineer
5000930,Patricia ,Williams,34,Computer  hardware  engineer
5000931,Karen ,Rodriguez,62,Engineer
5000932,Patricia ,Rodriguez,43,Engineer
5000933,Sarah ,Martinez,52,Engineer
5000934,Jennifer ,Williams,49,Lawyer
5000935,John ,Miller,41,Engineer
5000936,Jessica ,Rodriguez,21,Engineer
5000937,Karen ,Smith,67,Engineer
5000938,Richard ,Johnson,25,Engineer
5000939,Joseph ,Thomas,22,Engineer
5000940,William ,Miller,63,Computer  hardware  engineer
5000941,Sarah ,Williams,56,Engineer
5000942,Richard ,Hernandez,25,Engineer
5000943,Linda ,Jackson,59,Engineer
5000944,Patricia ,Garcia,59,Architect
5000945,Mary ,Thomas,46,Computer  hardware  engineer
5000946,Michael ,Williams,68,Computer  software  engineer
5000947,Patricia ,Miller,62,Engineer
5000948,Jennifer ,Williams,30,Engineer
5000949,David ,Rodriguez,75,Engineer
5000950,Thomas ,Anderson,54,Computer  hardware  engineer
5000951,Charles ,Jackson,67,Engineer
5000952,Jennifer ,Martinez,62,Engineer
5000953,Karen ,Rodriguez,29,Engineer
5000954,Jennifer ,Smith,23,Engineer
5000955,William ,Rodriguez,52,Engineer
5000956,Michael ,Hernandez,62,Engineer
5000957,David ,Hernandez,33,Engineer
5000958,Charles ,Hernandez,59,Engineer
5000959,Karen ,Jackson,48,Engineer
5000960,Elizabeth ,Anderson,74,Computer  hardware  engineer
5000961,Joseph ,Anderson,34,Engineer
5000962,Karen ,Williams,36,Engineer
5000963,Joseph ,Jackson,60,Engineer
5000964,David ,Rodriguez,43,Engineer
5000965,William ,Jackson,56,Engineer
5000966,Richard ,Williams,22,Engineer
5000967,Jessica ,Miller,45,Computer  hardware  engineer
5000968,Robert ,Garcia,46,Engineer
5000969,Jennifer ,Johnson,33,Engineer
5000970,Linda ,Martinez,61,Computer  hardware  engineer
5000971,Elizabeth ,Williams,45,Engineer
5000972,Richard ,Thomas,22,Engineer
5000973,Charles ,Williams,37,Engineer
5000974,Jessica ,Williams,48,Engineer
5000975,Joseph ,Rodriguez,57,Engineer
5000976,Mary ,Thomas,33,Engineer
5000977,Sarah ,Hernandez,53,Engineer
5000978,Linda ,Rodriguez,66,Engineer
5000979,Linda ,Thomas,60,Engineer
5000980,Jennifer ,Garcia,24,Engineer
5000981,Mary ,Lopez,27,Engineer
5000982,Sarah ,Hernandez,63,Engineer
5000983,Karen ,Williams,41,Engineer
5000984,James ,Garcia,59,Engineer
5000985,Joseph ,Jackson,65,Engineer
5000986,Mary ,Hernandez,28,Engineer
5000987,Richard ,Johnson,37,Engineer
5000988,David ,Moore,62,Engineer
5000989,John ,Miller,71,Engineer
5000990,Karen ,Rodriguez,28,Engineer
5000991,Jessica ,Rodriguez,35,Engineer
5000992,Linda ,Brown,70,Engineer
5000993,Jessica ,Johnson,29,Engineer
5000994,Jessica ,Miller,55,Engineer
5000995,Barbara ,Hernandez,69,Engineer
5000996,James ,Smith,22,Engineer
5000997,Mary ,Gonzalez,61,Engineer
5000998,Charles ,Johnson,34,Engineer
5000999,Karen ,Williams,37,Engineer
5001000,Jennifer ,Johnson,64,Engineer
